feature,importance
byte_count,0.22794302292029245
packet_count,0.15407127851023417
src_port,0.14423353857711155
dst_port,0.1328136303590844
flow_duration,0.11563213510131952
packet_count_per_nsecond,0.06585630757584385
byte_count_per_nsecond,0.06139821125863025
flow_bytes_per_s,0.03971260511990945
avg_pkt_size,0.030386763223916348
flow_pkts_per_s,0.02795250735365802
idle_timeout,0.0
hard_timeout,0.0
flags,0.0
ip_proto,0.0
is_tcp,0.0
is_udp,0.0
is_icmp,0.0
